QPS,ts_start,ts_end,p95
4943.9,1715520664.666,1715520670.124,522.9
9998.3,1715520671.6290002,1715520677.019,623.0
14956.599999999999,1715520678.5235,1715520683.8485,707.8
19907.9,1715520685.3525,1715520690.6755,761.3
25108.5,1715520692.1805,1715520697.514,786.2
29894.800000000003,1715520699.019,1715520704.355,838.7
34949.75,1715520705.8595,1715520711.181,837.2
39968.0,1715520712.6855,1715520717.9854999,923.8
45099.899999999994,1715520719.4889998,1715520724.796,905.1
49984.55,1715520726.3000002,1715520731.6115,1012.8
55064.7,1715520733.1165,1715520738.4225001,1016.0
59896.0,1715520739.9264998,1715520745.2415,1099.5
64863.65,1715520746.7465,1715520752.0479999,1201.6
69985.15,1715520753.5525,1715520758.8544998,1381.6
71083.15,1715520760.3585,1715520765.6555,2005.5
79467.4,1715520767.1599998,1715520772.457,1894.4
76329.4,1715520773.9615002,1715520779.269,1941.3
72764.15,1715520780.774,1715520786.0960002,1971.1
73110.79999999999,1715520787.6009998,1715520792.9055,1961.8
74052.0,1715520794.4095001,1715520799.7105,1975.6
73761.9,1715520801.214,1715520806.523,1992.7
72659.85,1715520808.0265002,1715520813.3245,1982.0
76047.54999999999,1715520814.828,1715520820.1360002,1941.6
72466.20000000001,1715520821.6405,1715520826.954,1982.1
75159.15,1715520828.4585,1715520833.7655,1911.1
